Title,Book Type,Publish Date,Link to book
"<div class=""col-12 col-sm-6 works-title"">'Salem's Lot Illustrated Edition</div>",Novel,"November 11th, 2005",https://stephenking.com/works//works/novel/salems-lot-illustrated-edition.html
"<div class=""col-12 col-sm-6 works-title"">'Salem's Lot</div>",Limited Edition,October 2004,https://stephenking.com/works//works/limited/salems-lot.html
"<div class=""col-12 col-sm-6 works-title"">'Salem's Lot</div>",Limited Edition,December 2014,https://stephenking.com/works//works/limited/salems-lot.html
"<div class=""col-12 col-sm-6 works-title"">'Salem's Lot</div>",Novel,"October 17th, 1975",https://stephenking.com/works//works/novel/salems-lot.html
"<div class=""col-12 col-sm-6 works-title"">11/22/63</div>",Novel,"November 8th, 2011",https://stephenking.com/works//works/novel/11-22-63.html
"<div class=""col-12 col-sm-6 works-title"">1408</div>",Short Story,March 2002,https://stephenking.com/works//works/short/1408.html
"<div class=""col-12 col-sm-6 works-title"">1922</div>",Short Story,November 2010,https://stephenking.com/works//works/short/1922.html
"<div class=""col-12 col-sm-6 works-title"">The 21st Pan Book of Horror Stories</div>",Anthology,December 1979,https://stephenking.com/works//works/anthology/21st-pan-book-of-horror-stories.html
"<div class=""col-12 col-sm-6 works-title"">35 Scary Years with Stephen King</div>",Interview,March 2009,https://stephenking.com/works//works/interview/35-scary-years-with-stephen-king.html
"<div class=""col-12 col-sm-6 works-title"">A Book of Horrors</div>",Anthology,September 2011,https://stephenking.com/works//works/anthology/a-book-of-horrors.html
"<div class=""col-12 col-sm-6 works-title"">A Conversation with Stephen King</div>",Interview,December 2003,https://stephenking.com/works//works/interview/a-conversation-with-stephen-king.html
"<div class=""col-12 col-sm-6 works-title"">A Death</div>",Short Story,Uncollected,https://stephenking.com/works//works/short/a-death.html
"<div class=""col-12 col-sm-6 works-title"">A Face in the Crowd</div>",Short Story,Uncollected,https://stephenking.com/works//works/short/a-face-in-the-crowd.html
"<div class=""col-12 col-sm-6 works-title"">A Fantasy Reader: The Seventh World Fantasy Convention Book</div>",Anthology,October 1981,https://stephenking.com/works//works/anthology/a-fantasy-reader-the-seventh-world-fantasy-convention-book.html
"<div class=""col-12 col-sm-6 works-title"">A Good Marriage</div>",Short Story,November 2010,https://stephenking.com/works//works/short/a-good-marriage.html
"<div class=""col-12 col-sm-6 works-title"">A New Introduction to John Fowles's The Collector</div>",Essay,December 1999,https://stephenking.com/works//works/essay/a-new-introduction-to-john-fowless-the-collector.html
"<div class=""col-12 col-sm-6 works-title"">A Night at the Royal Festival Hall: Muriel Gray Interviews Stephen King</div>",Interview,December 1999,https://stephenking.com/works//works/interview/a-night-at-the-royal-festival-hall-muriel-gray-interviews-stephen-king.html
"<div class=""col-12 col-sm-6 works-title"">A Very Tight Place</div>",Novella,"May 1st, 2008",https://stephenking.com/works//works/novella/a-very-tight-place.html
"<div class=""col-12 col-sm-6 works-title"">Afterlife</div>",Short Story,Uncollected,https://stephenking.com/works//works/short/afterlife.html
"<div class=""col-12 col-sm-6 works-title"">The Aftermath</div>",Unpublished,1963,https://stephenking.com/works//works/unpublished/aftermath.html
"<div class=""col-12 col-sm-6 works-title"">All That You Love Will Be Carried Away</div>",Short Story,March 2002,https://stephenking.com/works//works/short/all-that-you-love-will-be-carried-away.html
"<div class=""col-12 col-sm-6 works-title"">An Evening at the Billerica (Massachusetts) Library</div>",Speech,"April 22nd, 1983",https://stephenking.com/works//works/speech/an-evening-at-the-billerica-(massachusetts)-library.html
"<div class=""col-12 col-sm-6 works-title"">An Evening with Stephen King</div>",Speech,"March 30th, 1999",https://stephenking.com/works//works/speech/an-evening-with-stephen-king.html
"<div class=""col-12 col-sm-6 works-title"">An International Treasury of Mystery and Suspense</div>",Anthology,October 1983,https://stephenking.com/works//works/anthology/an-international-treasury-of-mystery-and-suspense.html
"<div class=""col-12 col-sm-6 works-title"">Antaeus No. 75/76 The Final Issue</div>",Anthology,October 1994,https://stephenking.com/works//works/anthology/antaeus-no-75-76-the-final-issue.html
"<div class=""col-12 col-sm-6 works-title"">Apt Pupil</div>",Novella,"August 27th, 1982",https://stephenking.com/works//works/novella/apt-pupil.html
"<div class=""col-12 col-sm-6 works-title"">Arbor House Celebrity Book of Horror Stories</div>",Anthology,December 1981,https://stephenking.com/works//works/anthology/arbor-house-celebrity-book-of-horror-stories.html
"<div class=""col-12 col-sm-6 works-title"">Arbor House Necropolis</div>",Anthology,October 1981,https://stephenking.com/works//works/anthology/arbor-house-necropolis.html
"<div class=""col-12 col-sm-6 works-title"">Arbor House Treasury of Horror &amp; the Supernatural</div>",Anthology,December 1980,https://stephenking.com/works//works/anthology/arbor-house-treasury-of-horror-the-supernatural.html
"<div class=""col-12 col-sm-6 works-title"">The Art of Fiction No. 189</div>",Interview,December 2005,https://stephenking.com/works//works/interview/art-of-fiction-no-189.html
"<div class=""col-12 col-sm-6 works-title"">Authors@aol series</div>",Interview,September 1998,https://stephenking.com/works//works/interview/authorsaol-series.html
"<div class=""col-12 col-sm-6 works-title"">Autopsy Room Four</div>",Short Story,March 2002,https://stephenking.com/works//works/short/autopsy-room-four.html
"<div class=""col-12 col-sm-6 works-title"">Ayana</div>",Short Story,November 2008,https://stephenking.com/works//works/short/ayana.html
"<div class=""col-12 col-sm-6 works-title"">The Bachman Books</div>",Bachman Novel,October 1985,https://stephenking.com/works//works/novel/bachman-books.html
"<div class=""col-12 col-sm-6 works-title"">Bad Little Kid</div>",Short Story,November 2015,https://stephenking.com/works//works/short/bad-little-kid.html
"<div class=""col-12 col-sm-6 works-title"">Bag of Bones</div>",Novel,"September 22nd, 1998",https://stephenking.com/works//works/novel/bag-of-bones.html
"<div class=""col-12 col-sm-6 works-title"">The Ballad of the Flexible Bullet</div>",Short Story,June 1985,https://stephenking.com/works//works/short/ballad-of-the-flexible-bullet.html
"<div class=""col-12 col-sm-6 works-title"">Banned Books and Other Concerns: The Virginia Beach Lecture</div>",Speech,"September 22nd, 1986",https://stephenking.com/works//works/speech/banned-books-and-other-concerns-the-virginia-beach-lecture.html
"<div class=""col-12 col-sm-6 works-title"">Batman and Robin Have An Altercation</div>",Short Story,November 2015,https://stephenking.com/works//works/short/batman-and-robin-have-an-altercation.html
"<div class=""col-12 col-sm-6 works-title"">Battleground</div>",Short Story,December 1977,https://stephenking.com/works//works/short/battleground.html
"<div class=""col-12 col-sm-6 works-title"">The Bazaar of Bad Dreams</div>",Story Collection,November 2015,https://stephenking.com/works//works/collection/bazaar-of-bad-dreams.html
"<div class=""col-12 col-sm-6 works-title"">Beachworld</div>",Short Story,June 1985,https://stephenking.com/works//works/short/beachworld.html
"<div class=""col-12 col-sm-6 works-title"">Before the Play</div>",Short Story,Uncollected,https://stephenking.com/works//works/short/before-the-play.html
"<div class=""col-12 col-sm-6 works-title"">Best American Sports Writing, 1991</div>",Anthology,December 1990,https://stephenking.com/works//works/anthology/best-american-sports-writing-1991.html
"<div class=""col-12 col-sm-6 works-title"">The Best Book You Can't Read</div>",Essay,Uncollected,https://stephenking.com/works//works/essay/best-book-you-can-t-read.html
"<div class=""col-12 col-sm-6 works-title"">Best Detective Stories of the Year</div>",Anthology,December 1978,https://stephenking.com/works//works/anthology/best-detective-stories-of-the-year.html
"<div class=""col-12 col-sm-6 works-title"">The Best Science Fiction and Fantasy of the Year</div>",Anthology,December 2008,https://stephenking.com/works//works/anthology/best-science-fiction-and-fantasy-of-the-year.html
"<div class=""col-12 col-sm-6 works-title"">Big Driver</div>",Short Story,November 2010,https://stephenking.com/works//works/short/big-driver.html
"<div class=""col-12 col-sm-6 works-title"">Big Wheels: A Tale of the Laundry Game (Milkman #2)</div>",Short Story,June 1985,https://stephenking.com/works//works/short/big-wheels-a-tale-of-the-laundry-game-(milkman-2).html
"<div class=""col-12 col-sm-6 works-title"">Billy Summers</div>",Novel,"August 3rd, 2021",https://stephenking.com/works//works/novel/billy-summers.html
"<div class=""col-12 col-sm-6 works-title"">Black House</div>",Novel,"September 15th, 2001",https://stephenking.com/works//works/novel/black-house.html
"<div class=""col-12 col-sm-6 works-title"">Black House</div>",Limited Edition,December 2001,https://stephenking.com/works//works/limited/black-house.html
"<div class=""col-12 col-sm-6 works-title"">The Blackboard Jungle</div>",Anthology,December 1983,https://stephenking.com/works//works/anthology/blackboard-jungle.html
"<div class=""col-12 col-sm-6 works-title"">Blaze</div>",Bachman Novel,December 2006,https://stephenking.com/works//works/novel/blaze.html
"<div class=""col-12 col-sm-6 works-title"">Blind Willie</div>",Novella,October 1994,https://stephenking.com/works//works/novella/blind-willie.html
"<div class=""col-12 col-sm-6 works-title"">Blockade Billy</div>",Limited Edition,December 2009,https://stephenking.com/works//works/limited/blockade-billy.html
"<div class=""col-12 col-sm-6 works-title"">Blockade Billy</div>",Novella,"April 20th, 2010",https://stephenking.com/works//works/novella/blockade-billy.html
"<div class=""col-12 col-sm-6 works-title"">The Blue Air Compressor</div>",Short Story,March 2018,https://stephenking.com/works//works/short/blue-air-compressor.html
"<div class=""col-12 col-sm-6 works-title"">The Body</div>",Novella,"August 27th, 1982",https://stephenking.com/works//works/novella/body.html
"<div class=""col-12 col-sm-6 works-title"">The Bone Church</div>",Poem,November 2015,https://stephenking.com/works//works/poem/bone-church.html
"<div class=""col-12 col-sm-6 works-title"">The Boogeyman</div>",Short Story,December 1977,https://stephenking.com/works//works/short/boogeyman.html
"<div class=""col-12 col-sm-6 works-title"">The Book of Lists #3</div>",Anthology,January 1983,https://stephenking.com/works//works/anthology/book-of-lists-3.html
"<div class=""col-12 col-sm-6 works-title"">The Book of the Dead</div>",Anthology,December 1988,https://stephenking.com/works//works/anthology/book-of-the-dead.html
"<div class=""col-12 col-sm-6 works-title"">The Book-Banners: Adventure in Censorship is Stranger Than Fiction</div>",Essay,Uncollected,https://stephenking.com/works//works/essay/book-banners-adventure-in-censorship-is-stranger-than-fiction.html
"<div class=""col-12 col-sm-6 works-title"">Borderlands 5</div>",Anthology,December 2002,https://stephenking.com/works//works/anthology/borderlands-5.html
"<div class=""col-12 col-sm-6 works-title"">The Breathing Method</div>",Novella,"August 27th, 1982",https://stephenking.com/works//works/novella/breathing-method.html
"<div class=""col-12 col-sm-6 works-title"">Brooklyn August</div>",Poem,October 1993,https://stephenking.com/works//works/poem/brooklyn-august.html
"<div class=""col-12 col-sm-6 works-title"">Cain Rose Up</div>",Short Story,June 1985,https://stephenking.com/works//works/short/cain-rose-up.html
"<div class=""col-12 col-sm-6 works-title"">The Cannibals</div>",Unpublished,December 1981,https://stephenking.com/works//works/unpublished/cannibals.html
"<div class=""col-12 col-sm-6 works-title"">Carrie</div>",Novel,"April 5th, 1974",https://stephenking.com/works//works/novel/carrie.html
"<div class=""col-12 col-sm-6 works-title"">Carrie</div>",Limited Edition,December 2013,https://stephenking.com/works//works/limited/carrie.html
"<div class=""col-12 col-sm-6 works-title"">The Cat from Hell</div>",Short Story,November 2008,https://stephenking.com/works//works/short/cat-from-hell.html
"<div class=""col-12 col-sm-6 works-title"">Cat's Eye</div>",Unpublished,December 1984,https://stephenking.com/works//works/unpublished/cats-eye.html
"<div class=""col-12 col-sm-6 works-title"">Cell</div>",Novel,"January 24th, 2006",https://stephenking.com/works//works/novel/cell.html
"<div class=""col-12 col-sm-6 works-title"">The Century's Best Horror Fiction Volume Two</div>",Anthology,December 2010,https://stephenking.com/works//works/anthology/centurys-best-horror-fiction-volume-two.html
"<div class=""col-12 col-sm-6 works-title"">Chattery Teeth</div>",Short Story,October 1993,https://stephenking.com/works//works/short/chattery-teeth.html
"<div class=""col-12 col-sm-6 works-title"">Children of the Corn</div>",Short Story,December 1977,https://stephenking.com/works//works/short/children-of-the-corn.html
"<div class=""col-12 col-sm-6 works-title"">Chinga</div>",Unpublished,December 1997,https://stephenking.com/works//works/unpublished/chinga.html
"<div class=""col-12 col-sm-6 works-title"">Chiral Mad</div>",Anthology,December 2015,https://stephenking.com/works//works/anthology/chiral-mad.html
"<div class=""col-12 col-sm-6 works-title"">Christine</div>",Limited Edition,December 1982,https://stephenking.com/works//works/limited/christine.html
"<div class=""col-12 col-sm-6 works-title"">Christine</div>",Novel,"April 29th, 1983",https://stephenking.com/works//works/novel/christine.html
"<div class=""col-12 col-sm-6 works-title"">The Chronicles of Harris Burdick</div>",Anthology,October 2012,https://stephenking.com/works//works/anthology/chronicles-of-harris-burdick.html
"<div class=""col-12 col-sm-6 works-title"">The Color of Evil (Dark Descent)</div>",Anthology,December 1990,https://stephenking.com/works//works/anthology/color-of-evil-(dark-descent).html
"<div class=""col-12 col-sm-6 works-title"">The Colorado Kid (Chadbourne)</div>",Limited Edition,December 2006,https://stephenking.com/works//works/limited/colorado-kid-(chadbourne).html
"<div class=""col-12 col-sm-6 works-title"">The Colorado Kid (Miller)</div>",Limited Edition,December 2006,https://stephenking.com/works//works/limited/colorado-kid-(miller).html
"<div class=""col-12 col-sm-6 works-title"">The Colorado Kid (Potter)</div>",Limited Edition,December 2006,https://stephenking.com/works//works/limited/colorado-kid-(potter).html
"<div class=""col-12 col-sm-6 works-title"">The Colorado Kid</div>",Novel,October 2005,https://stephenking.com/works//works/novel/colorado-kid.html
"<div class=""col-12 col-sm-6 works-title"">The Complete Masters of Darkness</div>",Anthology,December 1989,https://stephenking.com/works//works/anthology/complete-masters-of-darkness.html
"<div class=""col-12 col-sm-6 works-title"">Contemporary Maine Fiction</div>",Anthology,December 2004,https://stephenking.com/works//works/anthology/contemporary-maine-fiction.html
"<div class=""col-12 col-sm-6 works-title"">Cookie Jar</div>",Short Story,Uncollected,https://stephenking.com/works//works/short/cookie-jar.html
"<div class=""col-12 col-sm-6 works-title"">The Crate</div>",Short Story,December 1980,https://stephenking.com/works//works/short/crate.html
"<div class=""col-12 col-sm-6 works-title"">Crouch End</div>",Short Story,October 1993,https://stephenking.com/works//works/short/crouch-end.html
"<div class=""col-12 col-sm-6 works-title"">Cujo</div>",Limited Edition,September 1981,https://stephenking.com/works//works/limited/cujo.html
"<div class=""col-12 col-sm-6 works-title"">Cujo</div>",Novel,"September 8th, 1981",https://stephenking.com/works//works/novel/cujo.html
"<div class=""col-12 col-sm-6 works-title"">Cults: An Anthology of Secret Societies, Sects and the Supernatural</div>",Anthology,November 1983,https://stephenking.com/works//works/anthology/cults-an-anthology-of-secret-societies-sects-and-the-supernatural.html
"<div class=""col-12 col-sm-6 works-title"">Cycle of the Werewolf</div>",Limited Edition,December 1982,https://stephenking.com/works//works/limited/cycle-of-the-werewolf.html
"<div class=""col-12 col-sm-6 works-title"">Cycle of the Werewolf</div>",Novel,April 1985,https://stephenking.com/works//works/novel/cycle-of-the-werewolf.html
"<div class=""col-12 col-sm-6 works-title"">Danse Macabre</div>",Limited Edition,December 1980,https://stephenking.com/works//works/limited/danse-macabre.html
"<div class=""col-12 col-sm-6 works-title"">Danse Macabre</div>",Nonfiction,December 1980,https://stephenking.com/works//works/nonfiction/danse-macabre.html
"<div class=""col-12 col-sm-6 works-title"">Dark Descent</div>",Anthology,October 1987,https://stephenking.com/works//works/anthology/dark-descent.html
"<div class=""col-12 col-sm-6 works-title"">Dark Forces</div>",Anthology,August 1980,https://stephenking.com/works//works/anthology/dark-forces.html
"<div class=""col-12 col-sm-6 works-title"">The Dark Half</div>",Novel,November 1989,https://stephenking.com/works//works/novel/dark-half.html
"<div class=""col-12 col-sm-6 works-title"">Dark Love</div>",Anthology,August 1996,https://stephenking.com/works//works/anthology/dark-love.html
"<div class=""col-12 col-sm-6 works-title"">The Dark Man</div>",Poem,April 2004,https://stephenking.com/works//works/poem/dark-man.html
"<div class=""col-12 col-sm-6 works-title"">The Dark Man</div>",Limited Edition,July 2013,https://stephenking.com/works//works/limited/dark-man.html
"<div class=""col-12 col-sm-6 works-title"">Dark Screams: Volume One</div>",Anthology,December 2014,https://stephenking.com/works//works/anthology/dark-screams-volume-one.html
"<div class=""col-12 col-sm-6 works-title"">Dark Thoughts on Writing</div>",Anthology,December 1996,https://stephenking.com/works//works/anthology/dark-thoughts-on-writing.html
"<div class=""col-12 col-sm-6 works-title"">The Dark Tower</div>",Limited Edition,December 2003,https://stephenking.com/works//works/limited/dark-tower.html
"<div class=""col-12 col-sm-6 works-title"">The Dark Tower</div>",Novel,September 2004,https://stephenking.com/works//works/novel/dark-tower.html
"<div class=""col-12 col-sm-6 works-title"">The Dark Tower: Song of Susannah</div>",Limited Edition,December 2003,https://stephenking.com/works//works/limited/dark-tower-song-of-susannah.html
"<div class=""col-12 col-sm-6 works-title"">The Dark Tower: Song of Susannah</div>",Novel,June 2004,https://stephenking.com/works//works/novel/dark-tower-song-of-susannah.html
"<div class=""col-12 col-sm-6 works-title"">The Dark Tower: The Drawing of the Three</div>",Limited Edition,December 1986,https://stephenking.com/works//works/limited/dark-tower-the-drawing-of-the-three.html
"<div class=""col-12 col-sm-6 works-title"">The Dark Tower: The Drawing of the Three</div>",Novel,May 1987,https://stephenking.com/works//works/novel/dark-tower-the-drawing-of-the-three.html
"<div class=""col-12 col-sm-6 works-title"">The Dark Tower: The Gunslinger (Revised)</div>",Novel,June 2003,https://stephenking.com/works//works/novel/dark-tower-the-gunslinger-(revised).html
"<div class=""col-12 col-sm-6 works-title"">The Dark Tower: The Gunslinger</div>",Limited Edition,December 1981,https://stephenking.com/works//works/limited/dark-tower-the-gunslinger.html
"<div class=""col-12 col-sm-6 works-title"">The Dark Tower: The Gunslinger</div>",Novel,June 1982,https://stephenking.com/works//works/novel/dark-tower-the-gunslinger.html
"<div class=""col-12 col-sm-6 works-title"">The Dark Tower: The Waste Lands</div>",Limited Edition,December 1990,https://stephenking.com/works//works/limited/dark-tower-the-waste-lands.html
"<div class=""col-12 col-sm-6 works-title"">The Dark Tower: The Waste Lands</div>",Novel,August 1991,https://stephenking.com/works//works/novel/dark-tower-the-waste-lands.html
"<div class=""col-12 col-sm-6 works-title"">The Dark Tower: The Wind Through the Keyhole</div>",Limited Edition,February 2012,https://stephenking.com/works//works/limited/dark-tower-the-wind-through-the-keyhole.html
"<div class=""col-12 col-sm-6 works-title"">The Dark Tower: The Wind Through the Keyhole</div>",Novel,April 2012,https://stephenking.com/works//works/novel/dark-tower-the-wind-through-the-keyhole.html
"<div class=""col-12 col-sm-6 works-title"">The Dark Tower: Wizard and Glass (I)</div>",Limited Edition,December 1996,https://stephenking.com/works//works/limited/dark-tower-wizard-and-glass-(i).html
"<div class=""col-12 col-sm-6 works-title"">The Dark Tower: Wizard and Glass (II)</div>",Limited Edition,December 1996,https://stephenking.com/works//works/limited/dark-tower-wizard-and-glass-(ii).html
"<div class=""col-12 col-sm-6 works-title"">The Dark Tower: Wizard and Glass</div>",Novel,November 1997,https://stephenking.com/works//works/novel/dark-tower-wizard-and-glass.html
"<div class=""col-12 col-sm-6 works-title"">The Dark Tower: Wolves of the Calla</div>",Limited Edition,December 2002,https://stephenking.com/works//works/limited/dark-tower-wolves-of-the-calla.html
"<div class=""col-12 col-sm-6 works-title"">The Dark Tower: Wolves of the Calla</div>",Novel,November 2003,https://stephenking.com/works//works/novel/dark-tower-wolves-of-the-calla.html
"<div class=""col-12 col-sm-6 works-title"">Darkness</div>",Anthology,December 2009,https://stephenking.com/works//works/anthology/darkness.html
"<div class=""col-12 col-sm-6 works-title"">The Dead Zone</div>",Novel,August 1979,https://stephenking.com/works//works/novel/dead-zone.html
"<div class=""col-12 col-sm-6 works-title"">The Death of Jack Hamilton</div>",Short Story,March 2002,https://stephenking.com/works//works/short/death-of-jack-hamilton.html
"<div class=""col-12 col-sm-6 works-title"">Death</div>",Anthology,December 1981,https://stephenking.com/works//works/anthology/death.html
"<div class=""col-12 col-sm-6 works-title"">Dedication</div>",Short Story,October 1993,https://stephenking.com/works//works/short/dedication.html
"<div class=""col-12 col-sm-6 works-title"">Demons</div>",Anthology,December 1986,https://stephenking.com/works//works/anthology/demons.html
"<div class=""col-12 col-sm-6 works-title"">Desperation/The Regulators (Box Set)</div>",Limited Edition,December 1995,https://stephenking.com/works//works/limited/desperation-the-regulators-(box-set).html
"<div class=""col-12 col-sm-6 works-title"">Desperation</div>",Limited Edition,December 1995,https://stephenking.com/works//works/limited/desperation.html
"<div class=""col-12 col-sm-6 works-title"">Desperation</div>",Novel,"September 24th, 1996",https://stephenking.com/works//works/novel/desperation.html
"<div class=""col-12 col-sm-6 works-title"">The Devil's Wine</div>",Anthology,April 2004,https://stephenking.com/works//works/anthology/devils-wine.html
"<div class=""col-12 col-sm-6 works-title"">Different Seasons</div>",Story Collection,August 1982,https://stephenking.com/works//works/collection/different-seasons.html
"<div class=""col-12 col-sm-6 works-title"">The Do-It-Yourself Bestseller: A Workbook</div>",Anthology,December 1981,https://stephenking.com/works//works/anthology/do-it-yourself-bestseller-a-workbook.html
"<div class=""col-12 col-sm-6 works-title"">Doctor Sleep</div>",Limited Edition,September 2013,https://stephenking.com/works//works/limited/doctor-sleep.html
"<div class=""col-12 col-sm-6 works-title"">Doctor Sleep</div>",Novel,"September 24th, 2013",https://stephenking.com/works//works/novel/doctor-sleep.html
"<div class=""col-12 col-sm-6 works-title"">The Doctor's Case</div>",Short Story,October 1993,https://stephenking.com/works//works/short/doctors-case.html
"<div class=""col-12 col-sm-6 works-title"">Dolan's Cadillac</div>",Limited Edition,December 1988,https://stephenking.com/works//works/limited/dolans-cadillac.html
"<div class=""col-12 col-sm-6 works-title"">Dolan's Cadillac</div>",Short Story,October 1993,https://stephenking.com/works//works/short/dolans-cadillac.html
"<div class=""col-12 col-sm-6 works-title"">Dolores Claiborne</div>",Novel,November 1993,https://stephenking.com/works//works/novel/dolores-claiborne.html
"<div class=""col-12 col-sm-6 works-title"">Donovan's Brain</div>",Poem,April 2004,https://stephenking.com/works//works/poem/donovans-brain.html
"<div class=""col-12 col-sm-6 works-title"">Dreamcatcher</div>",Novel,"February 20th, 2001",https://stephenking.com/works//works/novel/dreamcatcher.html
"<div class=""col-12 col-sm-6 works-title"">Drunken Fireworks</div>",Short Story,November 2015,https://stephenking.com/works//works/short/drunken-fireworks.html
"<div class=""col-12 col-sm-6 works-title"">Duma Key</div>",Novel,"January 22nd, 2008",https://stephenking.com/works//works/novel/duma-key.html
"<div class=""col-12 col-sm-6 works-title"">The Dune</div>",Short Story,November 2015,https://stephenking.com/works//works/short/dune.html
"<div class=""col-12 col-sm-6 works-title"">Elevation</div>",Novella,"October 30th, 2018",https://stephenking.com/works//works/novella/elevation.html
"<div class=""col-12 col-sm-6 works-title"">End of Watch</div>",Novel,"June 7th, 2016",https://stephenking.com/works//works/novel/end-of-watch.html
"<div class=""col-12 col-sm-6 works-title"">The End of the Whole Mess</div>",Short Story,October 1993,https://stephenking.com/works//works/short/end-of-the-whole-mess.html
"<div class=""col-12 col-sm-6 works-title"">Ever Et Raw Meat? and Other Weird Questions</div>",Essay,December 1999,https://stephenking.com/works//works/essay/ever-et-raw-meat-and-other-weird-questions.html
"<div class=""col-12 col-sm-6 works-title"">Everything's Eventual</div>",Short Story,March 2002,https://stephenking.com/works//works/short/everythings-eventual.html
"<div class=""col-12 col-sm-6 works-title"">Everything's Eventual</div>",Story Collection,March 2002,https://stephenking.com/works//works/collection/everythings-eventual.html
"<div class=""col-12 col-sm-6 works-title"">The Evil Image: Two Centuries of Gothic Short Fiction and Poetry</div>",Anthology,September 1983,https://stephenking.com/works//works/anthology/evil-image-two-centuries-of-gothic-short-fiction-and-poetry.html
"<div class=""col-12 col-sm-6 works-title"">The Eyes of the Dragon</div>",Limited Edition,December 1983,https://stephenking.com/works//works/limited/eyes-of-the-dragon.html
"<div class=""col-12 col-sm-6 works-title"">The Eyes of the Dragon</div>",Novel,February 1987,https://stephenking.com/works//works/novel/eyes-of-the-dragon.html
"<div class=""col-12 col-sm-6 works-title"">Faces of Fear</div>",Interview,December 1989,https://stephenking.com/works//works/interview/faces-of-fear.html
"<div class=""col-12 col-sm-6 works-title"">Fair Extension</div>",Short Story,November 2010,https://stephenking.com/works//works/short/fair-extension.html
"<div class=""col-12 col-sm-6 works-title"">Fairy Tale</div>",Novel,"September 6th, 2022",https://stephenking.com/works//works/novel/fairy-tale.html
"<div class=""col-12 col-sm-6 works-title"">Faithful</div>",Nonfiction,September 2005,https://stephenking.com/works//works/nonfiction/faithful.html
"<div class=""col-12 col-sm-6 works-title"">Fantasy Annual III</div>",Anthology,April 1981,https://stephenking.com/works//works/anthology/fantasy-annual-iii.html
"<div class=""col-12 col-sm-6 works-title"">Fantasy Annual IV</div>",Anthology,December 1980,https://stephenking.com/works//works/anthology/fantasy-annual-iv.html
"<div class=""col-12 col-sm-6 works-title"">Father's Day</div>",Short Story,Uncollected,https://stephenking.com/works//works/short/fathers-day.html
"<div class=""col-12 col-sm-6 works-title"">Fear Itself</div>",Anthology,June 1984,https://stephenking.com/works//works/anthology/fear-itself.html
"<div class=""col-12 col-sm-6 works-title"">Fenway and the Great White Whale</div>",Essay,Uncollected,https://stephenking.com/works//works/essay/fenway-and-the-great-white-whale.html
"<div class=""col-12 col-sm-6 works-title"">The Fifth Quarter</div>",Short Story,October 1993,https://stephenking.com/works//works/short/fifth-quarter.html
"<div class=""col-12 col-sm-6 works-title"">The Fifth Step</div>",Short Story,Uncollected,https://stephenking.com/works//works/short/fifth-step.html
"<div class=""col-12 col-sm-6 works-title"">Finders Keepers</div>",Novel,"June 2nd, 2015",https://stephenking.com/works//works/novel/finders-keepers.html
"<div class=""col-12 col-sm-6 works-title"">Firestarter</div>",Limited Edition,December 1979,https://stephenking.com/works//works/limited/firestarter.html
"<div class=""col-12 col-sm-6 works-title"">Firestarter</div>",Novel,"September 29th, 1980",https://stephenking.com/works//works/novel/firestarter.html
"<div class=""col-12 col-sm-6 works-title"">Five to One, One in Five</div>",Essay,November 2016,https://stephenking.com/works//works/essay/five-to-one-one-in-five.html
"<div class=""col-12 col-sm-6 works-title"">Flight or Fright</div>",Anthology,September 2018,https://stephenking.com/works//works/anthology/flight-or-fright.html
"<div class=""col-12 col-sm-6 works-title"">For Owen</div>",Poem,June 1985,https://stephenking.com/works//works/poem/for-owen.html
"<div class=""col-12 col-sm-6 works-title"">Foreword to Night Shift</div>",Essay,December 1999,https://stephenking.com/works//works/essay/foreword-to-night-shift.html
"<div class=""col-12 col-sm-6 works-title"">Four Past Midnight</div>",Story Collection,September 1990,https://stephenking.com/works//works/collection/four-past-midnight.html
"<div class=""col-12 col-sm-6 works-title"">From A Buick 8</div>",Novel,"September 24th, 2002",https://stephenking.com/works//works/novel/from-a-buick-8.html
"<div class=""col-12 col-sm-6 works-title"">From a Buick 8</div>",Limited Edition,December 2001,https://stephenking.com/works//works/limited/from-a-buick-8.html
"<div class=""col-12 col-sm-6 works-title"">From the Borderlands</div>",Anthology,December 2002,https://stephenking.com/works//works/anthology/from-the-borderlands.html
"<div class=""col-12 col-sm-6 works-title"">Full Dark, No Stars</div>",Story Collection,November 2010,https://stephenking.com/works//works/collection/full-dark-no-stars.html
"<div class=""col-12 col-sm-6 works-title"">GUNS</div>",Nonfiction,January 2013,https://stephenking.com/works//works/nonfiction/guns.html
"<div class=""col-12 col-sm-6 works-title"">The Garden of Reading</div>",Anthology,December 2004,https://stephenking.com/works//works/anthology/garden-of-reading.html
"<div class=""col-12 col-sm-6 works-title"">The Genius of ""The Tell-Tale Heart""</div>",Essay,December 2008,https://stephenking.com/works//works/essay/genius-of-the-tell-tale-heart.html
"<div class=""col-12 col-sm-6 works-title"">Gerald's Game</div>",Novel,May 1992,https://stephenking.com/works//works/novel/geralds-game.html
"<div class=""col-12 col-sm-6 works-title"">The Gingerbread Girl</div>",Short Story,November 2008,https://stephenking.com/works//works/short/gingerbread-girl.html
"<div class=""col-12 col-sm-6 works-title"">The Girl Who Loved Tom Gordon</div>",Limited Edition,December 2003,https://stephenking.com/works//works/limited/girl-who-loved-tom-gordon.html
"<div class=""col-12 col-sm-6 works-title"">The Girl Who Loved Tom Gordon</div>",Novel,April 1999,https://stephenking.com/works//works/novel/girl-who-loved-tom-gordon.html
"<div class=""col-12 col-sm-6 works-title"">The Glass Floor</div>",Short Story,Uncollected,https://stephenking.com/works//works/short/glass-floor.html
"<div class=""col-12 col-sm-6 works-title"">Graduation Afternoon</div>",Short Story,November 2008,https://stephenking.com/works//works/short/graduation-afternoon.html
"<div class=""col-12 col-sm-6 works-title"">Gramma</div>",Short Story,June 1985,https://stephenking.com/works//works/short/gramma.html
"<div class=""col-12 col-sm-6 works-title"">Graveyard Shift</div>",Short Story,December 1977,https://stephenking.com/works//works/short/graveyard-shift.html
"<div class=""col-12 col-sm-6 works-title"">Great Hookers I Have Known</div>",Essay,December 1999,https://stephenking.com/works//works/essay/great-hookers-i-have-known.html
"<div class=""col-12 col-sm-6 works-title"">The Green Mile</div>",Limited Edition,December 2006,https://stephenking.com/works//works/limited/green-mile.html
"<div class=""col-12 col-sm-6 works-title"">The Green Mile: Coffey on the Mile</div>",Novel,August 1996,https://stephenking.com/works//works/novel/green-mile-coffey-on-the-mile.html
"<div class=""col-12 col-sm-6 works-title"">The Green Mile: Coffey's Hands</div>",Novel,May 1996,https://stephenking.com/works//works/novel/green-mile-coffeys-hands.html
"<div class=""col-12 col-sm-6 works-title"">The Green Mile: Night Journey</div>",Novel,July 1996,https://stephenking.com/works//works/novel/green-mile-night-journey.html
"<div class=""col-12 col-sm-6 works-title"">The Green Mile: The Bad Death of Eduard Delacroix</div>",Novel,June 1996,https://stephenking.com/works//works/novel/green-mile-the-bad-death-of-eduard-delacroix.html
"<div class=""col-12 col-sm-6 works-title"">The Green Mile: The Complete Serial Novel</div>",Novel,October 2000,https://stephenking.com/works//works/novel/green-mile-the-complete-serial-novel.html
"<div class=""col-12 col-sm-6 works-title"">The Green Mile: The Mouse on the Mile</div>",Novel,April 1996,https://stephenking.com/works//works/novel/green-mile-the-mouse-on-the-mile.html
"<div class=""col-12 col-sm-6 works-title"">The Green Mile: The Two Dead Girls</div>",Novel,March 1996,https://stephenking.com/works//works/novel/green-mile-the-two-dead-girls.html
"<div class=""col-12 col-sm-6 works-title"">Grey Matter</div>",Short Story,December 1977,https://stephenking.com/works//works/short/grey-matter.html
"<div class=""col-12 col-sm-6 works-title"">Gwendy's Button Box</div>",Novella,"May 16th, 2017",https://stephenking.com/works//works/novella/gwendys-button-box.html
"<div class=""col-12 col-sm-6 works-title"">Gwendy's Final Task</div>",Novel,"February 15th, 2022",https://stephenking.com/works//works/novel/gwendys-final-task.html
"<div class=""col-12 col-sm-6 works-title"">Hard Listening</div>",Anthology,June 2013,https://stephenking.com/works//works/anthology/hard-listening.html
"<div class=""col-12 col-sm-6 works-title"">The Hardcase Speaks</div>",Poem,April 2004,https://stephenking.com/works//works/poem/hardcase-speaks.html
"<div class=""col-12 col-sm-6 works-title"">Harrison State Park '68</div>",Poem,April 2004,https://stephenking.com/works//works/poem/harrison-state-park-68.html
"<div class=""col-12 col-sm-6 works-title"">Harvey's Dream</div>",Short Story,November 2008,https://stephenking.com/works//works/short/harveys-dream.html
"<div class=""col-12 col-sm-6 works-title"">He is Legend</div>",Anthology,March 2009,https://stephenking.com/works//works/anthology/he-is-legend.html
"<div class=""col-12 col-sm-6 works-title"">Head Down</div>",Essay,October 1993,https://stephenking.com/works//works/essay/head-down.html
"<div class=""col-12 col-sm-6 works-title"">Hearts in Atlantis</div>",Story Collection,September 1999,https://stephenking.com/works//works/collection/hearts-in-atlantis.html
"<div class=""col-12 col-sm-6 works-title"">Hearts in Atlantis</div>",Novella,"September 14th, 1999",https://stephenking.com/works//works/novella/hearts-in-atlantis.html
"<div class=""col-12 col-sm-6 works-title"">Hearts in Suspension</div>",Anthology,November 2016,https://stephenking.com/works//works/anthology/hearts-in-suspension.html
"<div class=""col-12 col-sm-6 works-title"">Heavenly Shades of Night Are Falling</div>",Novella,"September 14th, 1999",https://stephenking.com/works//works/novella/heavenly-shades-of-night-are-falling.html
"<div class=""col-12 col-sm-6 works-title"">Here There Be Tygers</div>",Short Story,June 1985,https://stephenking.com/works//works/short/here-there-be-tygers.html
"<div class=""col-12 col-sm-6 works-title"">Herman Wouk is Still Alive</div>",Short Story,November 2015,https://stephenking.com/works//works/short/herman-wouk-is-still-alive.html
"<div class=""col-12 col-sm-6 works-title"">Home Delivery</div>",Short Story,October 1993,https://stephenking.com/works//works/short/home-delivery.html
"<div class=""col-12 col-sm-6 works-title"">Horror Fiction: from Danse Macabre</div>",Essay,December 1999,https://stephenking.com/works//works/essay/horror-fiction-from-danse-macabre.html
"<div class=""col-12 col-sm-6 works-title"">The Horror Market Writer and the Ten Bears: A True Story</div>",Essay,December 1999,https://stephenking.com/works//works/essay/horror-market-writer-and-the-ten-bears-a-true-story.html
"<div class=""col-12 col-sm-6 works-title"">Horrors</div>",Anthology,August 1981,https://stephenking.com/works//works/anthology/horrors.html
"<div class=""col-12 col-sm-6 works-title"">The House on Maple Street</div>",Short Story,October 1993,https://stephenking.com/works//works/short/house-on-maple-street.html
"<div class=""col-12 col-sm-6 works-title"">How IT Happened</div>",Essay,December 1999,https://stephenking.com/works//works/essay/how-it-happened.html
"<div class=""col-12 col-sm-6 works-title"">I Am the Doorway</div>",Short Story,December 1977,https://stephenking.com/works//works/short/i-am-the-doorway.html
"<div class=""col-12 col-sm-6 works-title"">I Know What You Need</div>",Short Story,December 1977,https://stephenking.com/works//works/short/i-know-what-you-need.html
"<div class=""col-12 col-sm-6 works-title"">I Shudder At Your Touch</div>",Anthology,December 1990,https://stephenking.com/works//works/anthology/i-shudder-at-your-touch.html
"<div class=""col-12 col-sm-6 works-title"">IT</div>",Novel,September 1986,https://stephenking.com/works//works/novel/it.html
"<div class=""col-12 col-sm-6 works-title"">If It Bleeds</div>",Story Collection,April 2020,https://stephenking.com/works//works/collection/if-it-bleeds.html
"<div class=""col-12 col-sm-6 works-title"">If It Bleeds</div>",Novella,"April 21st, 2020",https://stephenking.com/works//works/novella/if-it-bleeds.html
"<div class=""col-12 col-sm-6 works-title"">In Sunlight or in Shadow: Stories Inspired by the Paintings of Edward Hopper</div>",Anthology,December 2016,https://stephenking.com/works//works/anthology/in-sunlight-or-in-shadow-stories-inspired-by-the-paintings-of-edward-hopper.html
"<div class=""col-12 col-sm-6 works-title"">In the Deathroom</div>",Short Story,March 2002,https://stephenking.com/works//works/short/in-the-deathroom.html
"<div class=""col-12 col-sm-6 works-title"">In the Key-Chords of Dawn</div>",Poem,April 2004,https://stephenking.com/works//works/poem/in-the-key-chords-of-dawn.html
"<div class=""col-12 col-sm-6 works-title"">In the Shadow of the Master</div>",Anthology,December 2008,https://stephenking.com/works//works/anthology/in-the-shadow-of-the-master.html
"<div class=""col-12 col-sm-6 works-title"">In the Tall Grass</div>",Short Story,Uncollected,https://stephenking.com/works//works/short/in-the-tall-grass.html
"<div class=""col-12 col-sm-6 works-title"">Insomnia</div>",Limited Edition,June 1994,https://stephenking.com/works//works/limited/insomnia.html
"<div class=""col-12 col-sm-6 works-title"">Insomnia</div>",Novel,September 1994,https://stephenking.com/works//works/novel/insomnia.html
"<div class=""col-12 col-sm-6 works-title"">The Institute</div>",Novel,September 2019,https://stephenking.com/works//works/novel/institute.html
"<div class=""col-12 col-sm-6 works-title"">Introduction to Jack Ketchum's The Girl Next Door</div>",Essay,December 1999,https://stephenking.com/works//works/essay/introduction-to-jack-ketchums-the-girl-next-door.html
"<div class=""col-12 col-sm-6 works-title"">Isaac Asimov's Magical World of Fantasy #4</div>",Anthology,December 1984,https://stephenking.com/works//works/anthology/isaac-asimovs-magical-world-of-fantasy-4.html
"<div class=""col-12 col-sm-6 works-title"">It Grows on You</div>",Short Story,October 1993,https://stephenking.com/works//works/short/it-grows-on-you.html
"<div class=""col-12 col-sm-6 works-title"">The Jaunt</div>",Short Story,June 1985,https://stephenking.com/works//works/short/jaunt.html
"<div class=""col-12 col-sm-6 works-title"">Jerusalem's Lot</div>",Short Story,December 1977,https://stephenking.com/works//works/short/jerusalems-lot.html
"<div class=""col-12 col-sm-6 works-title"">Joyland Illustrated Edition</div>",Novel,September 2015,https://stephenking.com/works//works/novel/joyland-illustrated-edition.html
"<div class=""col-12 col-sm-6 works-title"">Joyland</div>",Limited Edition,June 2013,https://stephenking.com/works//works/limited/joyland.html
"<div class=""col-12 col-sm-6 works-title"">Joyland</div>",Novel,June 2013,https://stephenking.com/works//works/novel/joyland.html
"<div class=""col-12 col-sm-6 works-title"">Jumper</div>",Short Story,Uncollected,https://stephenking.com/works//works/short/jumper.html
"<div class=""col-12 col-sm-6 works-title"">Just A Little Talent</div>",Essay,June 2013,https://stephenking.com/works//works/essay/just-a-little-talent.html
"<div class=""col-12 col-sm-6 works-title"">Just After Sunset</div>",Story Collection,November 2008,https://stephenking.com/works//works/collection/just-after-sunset.html
"<div class=""col-12 col-sm-6 works-title"">Killer Crimes</div>",Anthology,December 2016,https://stephenking.com/works//works/anthology/killer-crimes.html
"<div class=""col-12 col-sm-6 works-title"">King Pen</div>",Interview,October 2005,https://stephenking.com/works//works/interview/king-pen.html
"<div class=""col-12 col-sm-6 works-title"">L.T.'s Theory of Pets</div>",Short Story,March 2002,https://stephenking.com/works//works/short/lts-theory-of-pets.html
"<div class=""col-12 col-sm-6 works-title"">The Langoliers</div>",Novella,"September 24th, 1990",https://stephenking.com/works//works/novella/langoliers.html
"<div class=""col-12 col-sm-6 works-title"">The Last Rung on the Ladder</div>",Short Story,December 1977,https://stephenking.com/works//works/short/last-rung-on-the-ladder.html
"<div class=""col-12 col-sm-6 works-title"">Later</div>",Novel,"March 2nd, 2021",https://stephenking.com/works//works/novel/later.html
"<div class=""col-12 col-sm-6 works-title"">Later</div>",Limited Edition,"March 30th, 2021",https://stephenking.com/works//works/limited/later.html
"<div class=""col-12 col-sm-6 works-title"">Laurie</div>",Short Story,Uncollected,https://stephenking.com/works//works/short/laurie.html
"<div class=""col-12 col-sm-6 works-title"">The Lawnmower Man</div>",Short Story,December 1977,https://stephenking.com/works//works/short/lawnmower-man.html
"<div class=""col-12 col-sm-6 works-title"">The Ledge</div>",Short Story,December 1977,https://stephenking.com/works//works/short/ledge.html
"<div class=""col-12 col-sm-6 works-title"">Legends</div>",Anthology,December 1997,https://stephenking.com/works//works/anthology/legends.html
"<div class=""col-12 col-sm-6 works-title"">Letters from Hell</div>",Limited Edition,September 1988,https://stephenking.com/works//works/limited/letters-from-hell.html
"<div class=""col-12 col-sm-6 works-title"">The Library Policeman</div>",Novella,"September 24th, 1990",https://stephenking.com/works//works/novella/library-policeman.html
"<div class=""col-12 col-sm-6 works-title"">The Life of Chuck</div>",Novella,"April 21st, 2020",https://stephenking.com/works//works/novella/life-of-chuck.html
"<div class=""col-12 col-sm-6 works-title"">Light Speed: Year One</div>",Anthology,December 2010,https://stephenking.com/works//works/anthology/light-speed-year-one.html
"<div class=""col-12 col-sm-6 works-title"">Lisey's Story</div>",Novel,October 2006,https://stephenking.com/works//works/novel/liseys-story.html
"<div class=""col-12 col-sm-6 works-title"">Little Green God of Agony</div>",Short Story,November 2015,https://stephenking.com/works//works/short/little-green-god-of-agony.html
"<div class=""col-12 col-sm-6 works-title"">The Little Sisters of Eluria</div>",Short Story,March 2002,https://stephenking.com/works//works/short/little-sisters-of-eluria.html
"<div class=""col-12 col-sm-6 works-title"">The Little Sisters of Eluria</div>",Limited Edition,January 2009,https://stephenking.com/works//works/limited/little-sisters-of-eluria.html
"<div class=""col-12 col-sm-6 works-title"">The Lonesome Death of Jordy Verrill</div>",Short Story,Uncollected,https://stephenking.com/works//works/short/lonesome-death-of-jordy-verrill.html
"<div class=""col-12 col-sm-6 works-title"">The Long Walk</div>",Bachman Novel,December 1978,https://stephenking.com/works//works/novel/long-walk.html
"<div class=""col-12 col-sm-6 works-title"">Low Men in Yellow Coats</div>",Novella,"September 14th, 1999",https://stephenking.com/works//works/novella/low-men-in-yellow-coats.html
"<div class=""col-12 col-sm-6 works-title"">Luckey Quarter</div>",Short Story,March 2002,https://stephenking.com/works//works/short/luckey-quarter.html
"<div class=""col-12 col-sm-6 works-title"">Lunch at the Gotham Cafe</div>",Short Story,March 2002,https://stephenking.com/works//works/short/lunch-at-the-gotham-cafe.html
"<div class=""col-12 col-sm-6 works-title"">Magicats</div>",Anthology,December 1983,https://stephenking.com/works//works/anthology/magicats.html
"<div class=""col-12 col-sm-6 works-title"">The Mammoth Book of Body Horror</div>",Anthology,March 2012,https://stephenking.com/works//works/anthology/mammoth-book-of-body-horror.html
"<div class=""col-12 col-sm-6 works-title"">The Man Who Loved Flowers</div>",Short Story,December 1977,https://stephenking.com/works//works/short/man-who-loved-flowers.html
"<div class=""col-12 col-sm-6 works-title"">The Man Who Would Not Shake Hands</div>",Short Story,June 1985,https://stephenking.com/works//works/short/man-who-would-not-shake-hands.html
"<div class=""col-12 col-sm-6 works-title"">Man With a Belly</div>",Short Story,Uncollected,https://stephenking.com/works//works/short/man-with-a-belly.html
"<div class=""col-12 col-sm-6 works-title"">The Man in the Black Suit</div>",Short Story,March 2002,https://stephenking.com/works//works/short/man-in-the-black-suit.html
"<div class=""col-12 col-sm-6 works-title"">The Mangler</div>",Short Story,December 1977,https://stephenking.com/works//works/short/mangler.html
"<div class=""col-12 col-sm-6 works-title"">Masques II</div>",Anthology,June 1987,https://stephenking.com/works//works/anthology/masques-ii.html
"<div class=""col-12 col-sm-6 works-title"">McSweeney's Mammoth Treasury of Thrilling Tales</div>",Anthology,March 2003,https://stephenking.com/works//works/anthology/mcsweeneys-mammoth-treasury-of-thrilling-tales.html
"<div class=""col-12 col-sm-6 works-title"">Mid-Life Confidential: The Rock Bottom Remainders Tour America With Three Chords and an Attitude</div>",Nonfiction,December 1993,https://stephenking.com/works//works/nonfiction/mid-life-confidential-the-rock-bottom-remainders-tour-america-with-three-chords-and-an-attitude.html
"<div class=""col-12 col-sm-6 works-title"">Midnight Graffiti</div>",Anthology,October 1992,https://stephenking.com/works//works/anthology/midnight-graffiti.html
"<div class=""col-12 col-sm-6 works-title"">Mile 81</div>",Short Story,November 2015,https://stephenking.com/works//works/short/mile-81.html
"<div class=""col-12 col-sm-6 works-title"">Misery</div>",Limited Edition,February 2018,https://stephenking.com/works//works/limited/misery.html
"<div class=""col-12 col-sm-6 works-title"">Misery</div>",Novel,June 1987,https://stephenking.com/works//works/novel/misery.html
"<div class=""col-12 col-sm-6 works-title"">The Mist</div>",Novella,"August 29th, 1980",https://stephenking.com/works//works/novella/mist.html
"<div class=""col-12 col-sm-6 works-title"">Mister Yummy</div>",Short Story,November 2015,https://stephenking.com/works//works/short/mister-yummy.html
"<div class=""col-12 col-sm-6 works-title"">Modern Masters of Horror</div>",Anthology,July 1981,https://stephenking.com/works//works/anthology/modern-masters-of-horror.html
"<div class=""col-12 col-sm-6 works-title"">The Monkey</div>",Short Story,June 1985,https://stephenking.com/works//works/short/monkey.html
"<div class=""col-12 col-sm-6 works-title"">Morality</div>",Short Story,November 2015,https://stephenking.com/works//works/short/morality.html
"<div class=""col-12 col-sm-6 works-title"">More Tales of Unknown Horror</div>",Anthology,December 1978,https://stephenking.com/works//works/anthology/more-tales-of-unknown-horror.html
"<div class=""col-12 col-sm-6 works-title"">Morning Deliveries (Milkman #1)</div>",Short Story,June 1985,https://stephenking.com/works//works/short/morning-deliveries-(milkman-1).html
"<div class=""col-12 col-sm-6 works-title"">Most Overrated Rock Band</div>",Essay,Uncollected,https://stephenking.com/works//works/essay/most-overrated-rock-band.html
"<div class=""col-12 col-sm-6 works-title"">Mostly Old Men</div>",Poem,Uncollected,https://stephenking.com/works//works/poem/mostly-old-men.html
"<div class=""col-12 col-sm-6 works-title"">The Moving Finger</div>",Short Story,October 1993,https://stephenking.com/works//works/short/moving-finger.html
"<div class=""col-12 col-sm-6 works-title"">Mr. Harrigan's Phone</div>",Novella,"April 21st, 2020",https://stephenking.com/works//works/novella/mr-harrigans-phone.html
"<div class=""col-12 col-sm-6 works-title"">Mr. Mercedes</div>",Novel,June 2014,https://stephenking.com/works//works/novel/mr-mercedes.html
"<div class=""col-12 col-sm-6 works-title"">Mrs. Todd's Shortcut</div>",Short Story,June 1985,https://stephenking.com/works//works/short/mrs-todds-shortcut.html
"<div class=""col-12 col-sm-6 works-title"">The Music Room</div>",Short Story,December 2016,https://stephenking.com/works//works/short/music-room.html
"<div class=""col-12 col-sm-6 works-title"">Mute</div>",Short Story,November 2008,https://stephenking.com/works//works/short/mute.html
"<div class=""col-12 col-sm-6 works-title"">My Pretty Pony (Trade Edition)</div>",Limited Edition,September 1989,https://stephenking.com/works//works/limited/my-pretty-pony-(trade-edition).html
"<div class=""col-12 col-sm-6 works-title"">My Pretty Pony</div>",Limited Edition,December 1987,https://stephenking.com/works//works/limited/my-pretty-pony.html
"<div class=""col-12 col-sm-6 works-title"">My Pretty Pony</div>",Short Story,October 1993,https://stephenking.com/works//works/short/my-pretty-pony.html
"<div class=""col-12 col-sm-6 works-title"">N.</div>",Short Story,November 2008,https://stephenking.com/works//works/short/n.html
"<div class=""col-12 col-sm-6 works-title"">Needful Things</div>",Novel,October 1991,https://stephenking.com/works//works/novel/needful-things.html
"<div class=""col-12 col-sm-6 works-title"">New Adventures of Sherlock Holmes</div>",Anthology,December 1985,https://stephenking.com/works//works/anthology/new-adventures-of-sherlock-holmes.html
"<div class=""col-12 col-sm-6 works-title"">The New Lieutenant's Rap</div>",Limited Edition,April 1999,https://stephenking.com/works//works/limited/new-lieutenants-rap.html
"<div class=""col-12 col-sm-6 works-title"">New Tales of the Cthulhu Mythos</div>",Anthology,December 1979,https://stephenking.com/works//works/anthology/new-tales-of-the-cthulhu-mythos.html
"<div class=""col-12 col-sm-6 works-title"">New Terrors Omnibus</div>",Anthology,July 1985,https://stephenking.com/works//works/anthology/new-terrors-omnibus.html
"<div class=""col-12 col-sm-6 works-title"">The New York Times at Special Bargain Rates</div>",Short Story,November 2008,https://stephenking.com/works//works/short/new-york-times-at-special-bargain-rates.html
"<div class=""col-12 col-sm-6 works-title"">The Night Flier</div>",Short Story,October 1993,https://stephenking.com/works//works/short/night-flier.html
"<div class=""col-12 col-sm-6 works-title"">Night Shift</div>",Story Collection,December 1977,https://stephenking.com/works//works/collection/night-shift.html
"<div class=""col-12 col-sm-6 works-title"">Night Surf</div>",Short Story,December 1977,https://stephenking.com/works//works/short/night-surf.html
"<div class=""col-12 col-sm-6 works-title"">Night Visions 5</div>",Anthology,December 1987,https://stephenking.com/works//works/anthology/night-visions-5.html
"<div class=""col-12 col-sm-6 works-title"">The Night of the Tiger</div>",Short Story,December 1978,https://stephenking.com/works//works/short/night-of-the-tiger.html
"<div class=""col-12 col-sm-6 works-title"">Nightmares &amp; Dreamscapes</div>",Story Collection,October 1993,https://stephenking.com/works//works/collection/nightmares-dreamscapes.html
"<div class=""col-12 col-sm-6 works-title"">Nightmares in the Sky</div>",Nonfiction,December 1987,https://stephenking.com/works//works/nonfiction/nightmares-in-the-sky.html
"<div class=""col-12 col-sm-6 works-title"">Nightmares</div>",Anthology,December 1978,https://stephenking.com/works//works/anthology/nightmares.html
"<div class=""col-12 col-sm-6 works-title"">Nona</div>",Short Story,June 1985,https://stephenking.com/works//works/short/nona.html
"<div class=""col-12 col-sm-6 works-title"">N</div>",Novella,"November 11th, 2008",https://stephenking.com/works//works/novella/n.html
"<div class=""col-12 col-sm-6 works-title"">Obits</div>",Short Story,November 2015,https://stephenking.com/works//works/short/obits.html
"<div class=""col-12 col-sm-6 works-title"">The Old Dude's Ticker</div>",Short Story,Uncollected,https://stephenking.com/works//works/short/old-dudes-ticker.html
"<div class=""col-12 col-sm-6 works-title"">On Becoming a Brand Name</div>",Essay,June 1984,https://stephenking.com/works//works/essay/on-becoming-a-brand-name.html
"<div class=""col-12 col-sm-6 works-title"">On Slide Inn Road</div>",Short Story,Uncollected,https://stephenking.com/works//works/short/on-slide-inn-road.html
"<div class=""col-12 col-sm-6 works-title"">On The Shining and Other Perpetrations</div>",Essay,Uncollected,https://stephenking.com/works//works/essay/on-the-shining-and-other-perpetrations.html
"<div class=""col-12 col-sm-6 works-title"">On Writing: A Memoir of the Craft</div>",Nonfiction,December 1999,https://stephenking.com/works//works/nonfiction/on-writing-a-memoir-of-the-craft.html
"<div class=""col-12 col-sm-6 works-title"">One for the Road</div>",Short Story,December 1977,https://stephenking.com/works//works/short/one-for-the-road.html
"<div class=""col-12 col-sm-6 works-title"">The Outsider</div>",Novel,May 2018,https://stephenking.com/works//works/novel/outsider.html
"<div class=""col-12 col-sm-6 works-title"">Paranoid: A Chant</div>",Poem,June 1985,https://stephenking.com/works//works/poem/paranoid-a-chant.html
"<div class=""col-12 col-sm-6 works-title"">Pet Sematary</div>",Novel,November 1983,https://stephenking.com/works//works/novel/pet-sematary.html
"<div class=""col-12 col-sm-6 works-title"">Peter Straub: An Informal Appreciation</div>",Essay,Uncollected,https://stephenking.com/works//works/essay/peter-straub-an-informal-appreciation.html
"<div class=""col-12 col-sm-6 works-title"">The Plant [Installment One]</div>",Limited Edition,November 1982,https://stephenking.com/works//works/limited/plant-installment-one.html
"<div class=""col-12 col-sm-6 works-title"">The Plant [Installment Three]</div>",Limited Edition,December 1984,https://stephenking.com/works//works/limited/plant-installment-three.html
"<div class=""col-12 col-sm-6 works-title"">The Plant [Installment Two]</div>",Limited Edition,December 1982,https://stephenking.com/works//works/limited/plant-installment-two.html
"<div class=""col-12 col-sm-6 works-title"">Popsy</div>",Short Story,October 1993,https://stephenking.com/works//works/short/popsy.html
"<div class=""col-12 col-sm-6 works-title"">PostScripts</div>",Anthology,February 2009,https://stephenking.com/works//works/anthology/postscripts.html
"<div class=""col-12 col-sm-6 works-title"">Premium Harmony</div>",Short Story,November 2015,https://stephenking.com/works//works/short/premium-harmony.html
"<div class=""col-12 col-sm-6 works-title"">Prime Evil</div>",Anthology,June 1988,https://stephenking.com/works//works/anthology/prime-evil.html
"<div class=""col-12 col-sm-6 works-title"">Prime Mover: Stephen and Tabitha King</div>",Interview,October 2015,https://stephenking.com/works//works/interview/prime-mover-stephen-and-tabitha-king.html
"<div class=""col-12 col-sm-6 works-title"">Qualia Nous</div>",Anthology,December 2013,https://stephenking.com/works//works/anthology/qualia-nous.html
"<div class=""col-12 col-sm-6 works-title"">Quitters Inc.</div>",Short Story,December 1977,https://stephenking.com/works//works/short/quitters-inc.html
"<div class=""col-12 col-sm-6 works-title"">The Raft</div>",Short Story,June 1985,https://stephenking.com/works//works/short/raft.html
"<div class=""col-12 col-sm-6 works-title"">Rage</div>",Bachman Novel,December 1976,https://stephenking.com/works//works/novel/rage.html
"<div class=""col-12 col-sm-6 works-title"">Rainy Season</div>",Short Story,October 1993,https://stephenking.com/works//works/short/rainy-season.html
"<div class=""col-12 col-sm-6 works-title"">Rat</div>",Novella,"April 21st, 2020",https://stephenking.com/works//works/novella/rat.html
"<div class=""col-12 col-sm-6 works-title"">The Reach</div>",Short Story,June 1985,https://stephenking.com/works//works/short/reach.html
"<div class=""col-12 col-sm-6 works-title"">The Reaper's Image</div>",Short Story,June 1985,https://stephenking.com/works//works/short/reapers-image.html
"<div class=""col-12 col-sm-6 works-title"">Red Screen</div>",Short Story,Uncollected,https://stephenking.com/works//works/short/red-screen.html
"<div class=""col-12 col-sm-6 works-title"">The Regulators</div>",Bachman Novel,December 1995,https://stephenking.com/works//works/novel/regulators.html
"<div class=""col-12 col-sm-6 works-title"">The Regulators</div>",Limited Edition,December 1995,https://stephenking.com/works//works/limited/regulators.html
"<div class=""col-12 col-sm-6 works-title"">The Reploids</div>",Short Story,December 1987,https://stephenking.com/works//works/short/reploids.html
"<div class=""col-12 col-sm-6 works-title"">Rest Stop</div>",Short Story,November 2008,https://stephenking.com/works//works/short/rest-stop.html
"<div class=""col-12 col-sm-6 works-title"">The Revelations of 'Becka Paulson</div>",Short Story,December 1990,https://stephenking.com/works//works/short/revelations-of-becka-paulson.html
"<div class=""col-12 col-sm-6 works-title"">Revival</div>",Novel,November 2014,https://stephenking.com/works//works/novel/revival.html
"<div class=""col-12 col-sm-6 works-title"">Revival</div>",Limited Edition,December 2019,https://stephenking.com/works//works/limited/revival.html
"<div class=""col-12 col-sm-6 works-title"">Riding the Bullet</div>",Short Story,March 2002,https://stephenking.com/works//works/short/riding-the-bullet.html
"<div class=""col-12 col-sm-6 works-title"">The Ring</div>",Essay,Uncollected,https://stephenking.com/works//works/essay/ring.html
"<div class=""col-12 col-sm-6 works-title"">Rita Hayworth and Shawshank Redemption</div>",Novella,"August 27th, 1982",https://stephenking.com/works//works/novella/rita-hayworth-and-shawshank-redemption.html
"<div class=""col-12 col-sm-6 works-title"">The Road Virus Heads North</div>",Short Story,March 2002,https://stephenking.com/works//works/short/road-virus-heads-north.html
"<div class=""col-12 col-sm-6 works-title"">Roadwork</div>",Bachman Novel,December 1980,https://stephenking.com/works//works/novel/roadwork.html
"<div class=""col-12 col-sm-6 works-title"">Rose Madder</div>",Limited Edition,December 1994,https://stephenking.com/works//works/limited/rose-madder.html
"<div class=""col-12 col-sm-6 works-title"">Rose Madder</div>",Novel,June 1995,https://stephenking.com/works//works/novel/rose-madder.html
"<div class=""col-12 col-sm-6 works-title"">The Running Man</div>",Bachman Novel,December 1981,https://stephenking.com/works//works/novel/running-man.html
"<div class=""col-12 col-sm-6 works-title"">Rush Call</div>",Short Story,December 1999,https://stephenking.com/works//works/short/rush-call.html
"<div class=""col-12 col-sm-6 works-title"">SCREEM #22</div>",Interview,April 2011,https://stephenking.com/works//works/interview/screem-22.html
"<div class=""col-12 col-sm-6 works-title"">Secret Window, Secret Garden</div>",Novella,"September 24th, 1990",https://stephenking.com/works//works/novella/secret-window-secret-garden.html
"<div class=""col-12 col-sm-6 works-title"">Secret Windows: Essays and Fiction on the Craft of Writing</div>",Nonfiction,December 1999,https://stephenking.com/works//works/nonfiction/secret-windows-essays-and-fiction-on-the-craft-of-writing.html
"<div class=""col-12 col-sm-6 works-title"">The Secretary of Dreams, Vol. 1</div>",Limited Edition,December 2005,https://stephenking.com/works//works/limited/secretary-of-dreams-vol-1.html
"<div class=""col-12 col-sm-6 works-title"">The Secretary of Dreams, Vol. 2</div>",Limited Edition,October 2010,https://stephenking.com/works//works/limited/secretary-of-dreams-vol-2.html
"<div class=""col-12 col-sm-6 works-title"">Shadows 4</div>",Anthology,December 1999,https://stephenking.com/works//works/anthology/shadows-4.html
"<div class=""col-12 col-sm-6 works-title"">Shadows</div>",Anthology,December 1980,https://stephenking.com/works//works/anthology/shadows.html
"<div class=""col-12 col-sm-6 works-title"">Shining in the Dark</div>",Anthology,March 2018,https://stephenking.com/works//works/anthology/shining-in-the-dark.html
"<div class=""col-12 col-sm-6 works-title"">The Shining</div>",Limited Edition,December 2012,https://stephenking.com/works//works/limited/shining.html
"<div class=""col-12 col-sm-6 works-title"">The Shining</div>",Novel,January 1977,https://stephenking.com/works//works/novel/shining.html
"<div class=""col-12 col-sm-6 works-title"">Shivers VII</div>",Anthology,December 2012,https://stephenking.com/works//works/anthology/shivers-vii.html
"<div class=""col-12 col-sm-6 works-title"">Shivers VI</div>",Anthology,December 2009,https://stephenking.com/works//works/anthology/shivers-vi.html
"<div class=""col-12 col-sm-6 works-title"">Shock Rock</div>",Anthology,December 1990,https://stephenking.com/works//works/anthology/shock-rock.html
"<div class=""col-12 col-sm-6 works-title"">Silence</div>",Poem,April 2004,https://stephenking.com/works//works/poem/silence.html
"<div class=""col-12 col-sm-6 works-title"">Six Stories</div>",Limited Edition,December 1996,https://stephenking.com/works//works/limited/six-stories.html
"<div class=""col-12 col-sm-6 works-title"">Skeleton Crew</div>",Limited Edition,December 1984,https://stephenking.com/works//works/limited/skeleton-crew.html
"<div class=""col-12 col-sm-6 works-title"">Skeleton Crew</div>",Story Collection,June 1985,https://stephenking.com/works//works/collection/skeleton-crew.html
"<div class=""col-12 col-sm-6 works-title"">Sleeping Beauties</div>",Novel,"September 26th, 2017",https://stephenking.com/works//works/novel/sleeping-beauties.html
"<div class=""col-12 col-sm-6 works-title"">Sneakers</div>",Short Story,October 1993,https://stephenking.com/works//works/short/sneakers.html
"<div class=""col-12 col-sm-6 works-title"">Something to Tide You Over</div>",Short Story,Uncollected,https://stephenking.com/works//works/short/something-to-tide-you-over.html
"<div class=""col-12 col-sm-6 works-title"">Sometimes They Come Back</div>",Short Story,December 1977,https://stephenking.com/works//works/short/sometimes-they-come-back.html
"<div class=""col-12 col-sm-6 works-title"">Sorry, Right Number</div>",Screenplay,October 1993,https://stephenking.com/works//works/screenplay/sorry-right-number.html
"<div class=""col-12 col-sm-6 works-title"">Special Makeup Effects and the Writer</div>",Essay,Uncollected,https://stephenking.com/works//works/essay/special-makeup-effects-and-the-writer.html
"<div class=""col-12 col-sm-6 works-title"">The Stand</div>",Novel,October 1978,https://stephenking.com/works//works/novel/stand.html
"<div class=""col-12 col-sm-6 works-title"">The Stand: The Complete &amp; Uncut Edition</div>",Novel,May 1990,https://stephenking.com/works//works/novel/stand-the-complete-uncut-edition.html
"<div class=""col-12 col-sm-6 works-title"">The Stand: The Complete and Uncut Edition</div>",Limited Edition,December 1989,https://stephenking.com/works//works/limited/stand-the-complete-and-uncut-edition.html
"<div class=""col-12 col-sm-6 works-title"">Stationary Bike</div>",Short Story,November 2008,https://stephenking.com/works//works/short/stationary-bike.html
"<div class=""col-12 col-sm-6 works-title"">Stephen King Goes to the Movies</div>",Story Collection,January 2009,https://stephenking.com/works//works/collection/stephen-king-goes-to-the-movies.html
"<div class=""col-12 col-sm-6 works-title"">Stephen King Goes to the Movies</div>",Limited Edition,April 2009,https://stephenking.com/works//works/limited/stephen-king-goes-to-the-movies.html
"<div class=""col-12 col-sm-6 works-title"">Stephen King Q&amp;A</div>",Interview,December 2001,https://stephenking.com/works//works/interview/stephen-king-qa.html
"<div class=""col-12 col-sm-6 works-title"">Storm of the Century</div>",Screenplay,February 1999,https://stephenking.com/works//works/screenplay/storm-of-the-century.html
"<div class=""col-12 col-sm-6 works-title"">Strange Maine</div>",Anthology,December 1985,https://stephenking.com/works//works/anthology/strange-maine.html
"<div class=""col-12 col-sm-6 works-title"">Strawberry Spring</div>",Short Story,December 1977,https://stephenking.com/works//works/short/strawberry-spring.html
"<div class=""col-12 col-sm-6 works-title"">Suffer the Little Children</div>",Short Story,October 1993,https://stephenking.com/works//works/short/suffer-the-little-children.html
"<div class=""col-12 col-sm-6 works-title"">Summer Thunder</div>",Short Story,November 2015,https://stephenking.com/works//works/short/summer-thunder.html
"<div class=""col-12 col-sm-6 works-title"">The Sun Dog</div>",Novella,"September 24th, 1990",https://stephenking.com/works//works/novella/sun-dog.html
"<div class=""col-12 col-sm-6 works-title"">Survivor Type</div>",Short Story,June 1985,https://stephenking.com/works//works/short/survivor-type.html
"<div class=""col-12 col-sm-6 works-title"">The Tale of Gray Dick</div>",Short Story,March 2003,https://stephenking.com/works//works/short/tale-of-gray-dick.html
"<div class=""col-12 col-sm-6 works-title"">Tales of Unknown Horror</div>",Anthology,December 1977,https://stephenking.com/works//works/anthology/tales-of-unknown-horror.html
"<div class=""col-12 col-sm-6 works-title"">Tales of the Dead</div>",Anthology,December 1979,https://stephenking.com/works//works/anthology/tales-of-the-dead.html
"<div class=""col-12 col-sm-6 works-title"">The Talisman</div>",Limited Edition,December 1983,https://stephenking.com/works//works/limited/talisman.html
"<div class=""col-12 col-sm-6 works-title"">The Talisman</div>",Novel,November 1984,https://stephenking.com/works//works/novel/talisman.html
"<div class=""col-12 col-sm-6 works-title"">The Ten O'Clock People</div>",Short Story,October 1993,https://stephenking.com/works//works/short/ten-o-clock-people.html
"<div class=""col-12 col-sm-6 works-title"">Terrors</div>",Anthology,December 1981,https://stephenking.com/works//works/anthology/terrors.html
"<div class=""col-12 col-sm-6 works-title"">That Bus Is Another World</div>",Short Story,Uncollected,https://stephenking.com/works//works/short/that-bus-is-another-world.html
"<div class=""col-12 col-sm-6 works-title"">That Feeling, You Can Only Say What It Is in French</div>",Short Story,March 2002,https://stephenking.com/works//works/short/that-feeling-you-can-only-say-what-it-is-in-french.html
"<div class=""col-12 col-sm-6 works-title"">They're Creeping Up on You</div>",Short Story,Uncollected,https://stephenking.com/works//works/short/they-re-creeping-up-on-you.html
"<div class=""col-12 col-sm-6 works-title"">Thin Scenery</div>",Short Story,Uncollected,https://stephenking.com/works//works/short/thin-scenery.html
"<div class=""col-12 col-sm-6 works-title"">The Things They Left Behind</div>",Short Story,November 2008,https://stephenking.com/works//works/short/things-they-left-behind.html
"<div class=""col-12 col-sm-6 works-title"">Thinner</div>",Bachman Novel,November 1984,https://stephenking.com/works//works/novel/thinner.html
"<div class=""col-12 col-sm-6 works-title"">Thrilling, Chilling Tales of Alien Encounters</div>",Anthology,December 2004,https://stephenking.com/works//works/anthology/thrilling-chilling-tales-of-alien-encounters.html
"<div class=""col-12 col-sm-6 works-title"">Throttle</div>",Short Story,March 2009,https://stephenking.com/works//works/short/throttle.html
"<div class=""col-12 col-sm-6 works-title"">The Tommyknockers</div>",Novel,November 1987,https://stephenking.com/works//works/novel/tommyknockers.html
"<div class=""col-12 col-sm-6 works-title"">Tommy</div>",Poem,November 2015,https://stephenking.com/works//works/poem/tommy.html
"<div class=""col-12 col-sm-6 works-title"">Transgressions</div>",Anthology,December 2004,https://stephenking.com/works//works/anthology/transgressions.html
"<div class=""col-12 col-sm-6 works-title"">Trucks</div>",Short Story,December 1977,https://stephenking.com/works//works/short/trucks.html
"<div class=""col-12 col-sm-6 works-title"">The Turbulence Expert</div>",Short Story,September 2018,https://stephenking.com/works//works/short/turbulence-expert.html
"<div class=""col-12 col-sm-6 works-title"">Turn Down the Lights</div>",Anthology,December 2013,https://stephenking.com/works//works/anthology/turn-down-the-lights.html
"<div class=""col-12 col-sm-6 works-title"">Turning the Thumbscrews on the Reader</div>",Essay,December 1999,https://stephenking.com/works//works/essay/turning-the-thumbscrews-on-the-reader.html
"<div class=""col-12 col-sm-6 works-title"">Two Past Midnight: A Note on Secret Window, Secret Garden</div>",Essay,December 1999,https://stephenking.com/works//works/essay/two-past-midnight-a-note-on-secret-window-secret-garden.html
"<div class=""col-12 col-sm-6 works-title"">UR</div>",Novella,"February 12th, 2009",https://stephenking.com/works//works/novella/ur.html
"<div class=""col-12 col-sm-6 works-title"">Umney's Last Case</div>",Short Story,October 1993,https://stephenking.com/works//works/short/umneys-last-case.html
"<div class=""col-12 col-sm-6 works-title"">Uncle Otto's Truck</div>",Short Story,June 1985,https://stephenking.com/works//works/short/uncle-ottos-truck.html
"<div class=""col-12 col-sm-6 works-title"">Under the Dome</div>",Novel,November 2009,https://stephenking.com/works//works/novel/under-the-dome.html
"<div class=""col-12 col-sm-6 works-title"">Under the Weather</div>",Short Story,November 2015,https://stephenking.com/works//works/short/under-the-weather.html
"<div class=""col-12 col-sm-6 works-title"">Vermont Library Conference/VEMA Annual Meeting: The Bogeyboys</div>",Speech,"May 26th, 1999",https://stephenking.com/works//works/speech/vermont-library-conference-vema-annual-meeting-the-bogeyboys.html
"<div class=""col-12 col-sm-6 works-title"">The Very Best of Best New Horror</div>",Anthology,December 2009,https://stephenking.com/works//works/anthology/very-best-of-best-new-horror.html
"<div class=""col-12 col-sm-6 works-title"">The Weapon</div>",Essay,Uncollected,https://stephenking.com/works//works/essay/weapon.html
"<div class=""col-12 col-sm-6 works-title"">The Wedding Gig</div>",Short Story,June 1985,https://stephenking.com/works//works/short/wedding-gig.html
"<div class=""col-12 col-sm-6 works-title"">Weeds</div>",Short Story,December 2014,https://stephenking.com/works//works/short/weeds.html
"<div class=""col-12 col-sm-6 works-title"">The Weird</div>",Anthology,December 2010,https://stephenking.com/works//works/anthology/weird.html
"<div class=""col-12 col-sm-6 works-title"">What Stephen King Does for Love</div>",Essay,December 1999,https://stephenking.com/works//works/essay/what-stephen-king-does-for-love.html
"<div class=""col-12 col-sm-6 works-title"">What's Scary</div>",Essay,Uncollected,https://stephenking.com/works//works/essay/whats-scary.html
"<div class=""col-12 col-sm-6 works-title"">Why We're in Vietnam</div>",Novella,"September 14th, 1999",https://stephenking.com/works//works/novella/why-we-re-in-vietnam.html
"<div class=""col-12 col-sm-6 works-title"">Willa</div>",Short Story,November 2008,https://stephenking.com/works//works/short/willa.html
"<div class=""col-12 col-sm-6 works-title"">Willie the Weirdo</div>",Short Story,Uncollected,https://stephenking.com/works//works/short/willie-the-weirdo.html
"<div class=""col-12 col-sm-6 works-title"">Woman - An Anthology</div>",Anthology,October 2014,https://stephenking.com/works//works/anthology/woman-an-anthology.html
"<div class=""col-12 col-sm-6 works-title"">The Woman in the Room</div>",Short Story,December 1977,https://stephenking.com/works//works/short/woman-in-the-room.html
"<div class=""col-12 col-sm-6 works-title"">Word Processor of the Gods</div>",Short Story,June 1985,https://stephenking.com/works//works/short/word-processor-of-the-gods.html
"<div class=""col-12 col-sm-6 works-title"">Year's Best Fantasy &amp; Horror</div>",Anthology,December 1994,https://stephenking.com/works//works/anthology/years-best-fantasy-horror.html
"<div class=""col-12 col-sm-6 works-title"">Year's Best Horror Stories - Series IX</div>",Anthology,December 1980,https://stephenking.com/works//works/anthology/years-best-horror-stories-series-ix.html
"<div class=""col-12 col-sm-6 works-title"">You Know They Got a Hell of a Band</div>",Short Story,October 1993,https://stephenking.com/works//works/short/you-know-they-got-a-hell-of-a-band.html
"<div class=""col-12 col-sm-6 works-title"">Zombies! Zombies! Zombies!</div>",Anthology,December 2010,https://stephenking.com/works//works/anthology/zombies!-zombies!-zombies!.html
